year	motif	freq
1968	HKFDFA	0.0
1968	HNYDSA	0.0
1968	KEYESV	0.0
1968	QNYDSA	0.0
1968	QNFDFA	0.0
1968	KEYENV	0.0
1968	QNYDFA	0.0
1968	HNFDFA	0.0
1968	KESESV	0.0
1968	KESENV	0.0
1968	HNFDSA	0.0
1968	KEFDSV	0.0
1968	EESENV	0.0
1968	EEYENV	0.0
1968	QKFDSA	0.0
1968	HKYESA	0.0
1968	EEYESV	0.0
1968	HKYDSA	0.0
1968	QNSDFA	0.0
1968	HNYDNV	0.0
1968	KEYDSA	0.0
1968	QKFDFA	0.0
1968	QKYDSA	0.0
1968	HKYDNA	0.0
1968	HKFDNV	0.0
1968	KKYDSV	0.0
1968	KNSDFA	0.0
1968	KEYDSV	0.0
1968	HKYDFA	0.0
1968	KGSENV	0.0
1968	HNSDSA	0.0
1968	HKFDNA	0.0
1968	HNYDFA	0.0
1968	HNSDFA	0.0
1968	HKFDSA	0.0
1968	KGSESV	1.0
1968	HNYDFV	0.0
1968	HKSDFA	0.0
1969	HKFDFA	0.0
1969	HNYDSA	0.0
1969	KEYESV	0.0
1969	QNYDSA	0.0
1969	QNFDFA	0.0
1969	KEYENV	0.0
1969	QNYDFA	0.0
1969	HNFDFA	0.0
1969	KESESV	0.0
1969	KESENV	0.0
1969	HNFDSA	0.0
1969	KEFDSV	0.0
1969	EESENV	0.0
1969	EEYENV	0.0
1969	QKFDSA	0.0
1969	HKYESA	0.0
1969	EEYESV	0.0
1969	HKYDSA	0.0
1969	QNSDFA	0.0
1969	HNYDNV	0.0
1969	KEYDSA	0.0
1969	QKFDFA	0.0
1969	QKYDSA	0.0
1969	HKYDNA	0.0
1969	HKFDNV	0.0
1969	KKYDSV	0.0
1969	KNSDFA	0.0
1969	KEYDSV	0.0
1969	HKYDFA	0.0
1969	KGSENV	0.0
1969	HNSDSA	0.0
1969	HKFDNA	0.0
1969	HNYDFA	0.0
1969	HNSDFA	0.0
1969	HKFDSA	0.0
1969	KGSESV	1.0
1969	HNYDFV	0.0
1969	HKSDFA	0.0
1970	HKFDFA	0.0
1970	HNYDSA	0.0
1970	KEYESV	0.0
1970	QNYDSA	0.0
1970	QNFDFA	0.0
1970	KEYENV	0.0
1970	QNYDFA	0.0
1970	HNFDFA	0.0
1970	KESESV	0.0
1970	KESENV	0.0
1970	HNFDSA	0.0
1970	KEFDSV	0.0
1970	EESENV	0.0
1970	EEYENV	0.0
1970	QKFDSA	0.0
1970	HKYESA	0.0
1970	EEYESV	0.0
1970	HKYDSA	0.0
1970	QNSDFA	0.0
1970	HNYDNV	0.0
1970	KEYDSA	0.0
1970	QKFDFA	0.0
1970	QKYDSA	0.0
1970	HKYDNA	0.0
1970	HKFDNV	0.0
1970	KKYDSV	0.0
1970	KNSDFA	0.0
1970	KEYDSV	0.0
1970	HKYDFA	0.0
1970	KGSENV	0.0
1970	HNSDSA	0.0
1970	HKFDNA	0.0
1970	HNYDFA	0.0
1970	HNSDFA	0.0
1970	HKFDSA	0.0
1970	KGSESV	1.0
1970	HNYDFV	0.0
1970	HKSDFA	0.0
1971	HKFDFA	0.0
1971	HNYDSA	0.0
1971	KEYESV	0.0
1971	QNYDSA	0.0
1971	QNFDFA	0.0
1971	KEYENV	0.0
1971	QNYDFA	0.0
1971	HNFDFA	0.0
1971	KESESV	0.4
1971	KESENV	0.0
1971	HNFDSA	0.0
1971	KEFDSV	0.0
1971	EESENV	0.0
1971	EEYENV	0.0
1971	QKFDSA	0.0
1971	HKYESA	0.0
1971	EEYESV	0.0
1971	HKYDSA	0.0
1971	QNSDFA	0.0
1971	HNYDNV	0.0
1971	KEYDSA	0.0
1971	QKFDFA	0.0
1971	QKYDSA	0.0
1971	HKYDNA	0.0
1971	HKFDNV	0.0
1971	KKYDSV	0.0
1971	KNSDFA	0.0
1971	KEYDSV	0.0
1971	HKYDFA	0.0
1971	KGSENV	0.0
1971	HNSDSA	0.0
1971	HKFDNA	0.0
1971	HNYDFA	0.0
1971	HNSDFA	0.0
1971	HKFDSA	0.0
1971	KGSESV	0.4
1971	HNYDFV	0.0
1971	HKSDFA	0.0
1972	HKFDFA	0.0
1972	HNYDSA	0.0
1972	KEYESV	0.0
1972	QNYDSA	0.0
1972	QNFDFA	0.0
1972	KEYENV	0.0
1972	QNYDFA	0.0
1972	HNFDFA	0.0
1972	KESESV	0.0
1972	KESENV	0.0
1972	HNFDSA	0.0
1972	KEFDSV	0.0
1972	EESENV	0.0
1972	EEYENV	0.0
1972	QKFDSA	0.0
1972	HKYESA	0.0
1972	EEYESV	0.0
1972	HKYDSA	0.0
1972	QNSDFA	0.0
1972	HNYDNV	0.0
1972	KEYDSA	0.0
1972	QKFDFA	0.0
1972	QKYDSA	0.0
1972	HKYDNA	0.0
1972	HKFDNV	0.0
1972	KKYDSV	0.0
1972	KNSDFA	0.0
1972	KEYDSV	0.0
1972	HKYDFA	0.0
1972	KGSENV	0.0
1972	HNSDSA	0.0
1972	HKFDNA	0.0
1972	HNYDFA	0.0
1972	HNSDFA	0.0
1972	HKFDSA	0.0
1972	KGSESV	0.904761904762
1972	HNYDFV	0.0
1972	HKSDFA	0.0
1973	HKFDFA	0.0
1973	HNYDSA	0.0
1973	KEYESV	0.0
1973	QNYDSA	0.0
1973	QNFDFA	0.0
1973	KEYENV	0.0
1973	QNYDFA	0.0
1973	HNFDFA	0.0
1973	KESESV	0.0
1973	KESENV	0.0
1973	HNFDSA	0.0
1973	KEFDSV	0.0
1973	EESENV	0.0
1973	EEYENV	0.0
1973	QKFDSA	0.0
1973	HKYESA	0.0
1973	EEYESV	0.0
1973	HKYDSA	0.0
1973	QNSDFA	0.0
1973	HNYDNV	0.0
1973	KEYDSA	0.0
1973	QKFDFA	0.0
1973	QKYDSA	0.0
1973	HKYDNA	0.0
1973	HKFDNV	0.0
1973	KKYDSV	0.0
1973	KNSDFA	0.0
1973	KEYDSV	0.0
1973	HKYDFA	0.0
1973	KGSENV	0.333333333333
1973	HNSDSA	0.0
1973	HKFDNA	0.0
1973	HNYDFA	0.0
1973	HNSDFA	0.0
1973	HKFDSA	0.0
1973	KGSESV	0.666666666667
1973	HNYDFV	0.0
1973	HKSDFA	0.0
1974	HKFDFA	0.0
1974	HNYDSA	0.0
1974	KEYESV	0.0
1974	QNYDSA	0.0
1974	QNFDFA	0.0
1974	KEYENV	0.0
1974	QNYDFA	0.0
1974	HNFDFA	0.0
1974	KESESV	0.0
1974	KESENV	0.0
1974	HNFDSA	0.0
1974	KEFDSV	0.0
1974	EESENV	0.0
1974	EEYENV	0.0
1974	QKFDSA	0.0
1974	HKYESA	0.0
1974	EEYESV	0.0
1974	HKYDSA	0.0
1974	QNSDFA	0.0
1974	HNYDNV	0.0
1974	KEYDSA	0.0
1974	QKFDFA	0.0
1974	QKYDSA	0.0
1974	HKYDNA	0.0
1974	HKFDNV	0.0
1974	KKYDSV	0.0
1974	KNSDFA	0.0
1974	KEYDSV	0.0
1974	HKYDFA	0.0
1974	KGSENV	0.9
1974	HNSDSA	0.0
1974	HKFDNA	0.0
1974	HNYDFA	0.0
1974	HNSDFA	0.0
1974	HKFDSA	0.0
1974	KGSESV	0.0
1974	HNYDFV	0.0
1974	HKSDFA	0.0
1975	HKFDFA	0.0
1975	HNYDSA	0.0
1975	KEYESV	0.0
1975	QNYDSA	0.0
1975	QNFDFA	0.0
1975	KEYENV	0.0
1975	QNYDFA	0.0
1975	HNFDFA	0.0
1975	KESESV	0.0
1975	KESENV	0.0
1975	HNFDSA	0.0
1975	KEFDSV	0.0
1975	EESENV	0.0
1975	EEYENV	0.0
1975	QKFDSA	0.0
1975	HKYESA	0.0
1975	EEYESV	0.0
1975	HKYDSA	0.0
1975	QNSDFA	0.0
1975	HNYDNV	0.0
1975	KEYDSA	0.0
1975	QKFDFA	0.0
1975	QKYDSA	0.0
1975	HKYDNA	0.0
1975	HKFDNV	0.0
1975	KKYDSV	0.0
1975	KNSDFA	0.0
1975	KEYDSV	0.0
1975	HKYDFA	0.0
1975	KGSENV	0.375
1975	HNSDSA	0.0
1975	HKFDNA	0.0
1975	HNYDFA	0.0
1975	HNSDFA	0.0
1975	HKFDSA	0.0
1975	KGSESV	0.0
1975	HNYDFV	0.0
1975	HKSDFA	0.0
1976	HKFDFA	0.0
1976	HNYDSA	0.0
1976	KEYESV	0.0
1976	QNYDSA	0.0
1976	QNFDFA	0.0
1976	KEYENV	0.0
1976	QNYDFA	0.0
1976	HNFDFA	0.0
1976	KESESV	0.0
1976	KESENV	0.111111111111
1976	HNFDSA	0.0
1976	KEFDSV	0.0
1976	EESENV	0.0
1976	EEYENV	0.0
1976	QKFDSA	0.0
1976	HKYESA	0.0
1976	EEYESV	0.0
1976	HKYDSA	0.0
1976	QNSDFA	0.0
1976	HNYDNV	0.0
1976	KEYDSA	0.0
1976	QKFDFA	0.0
1976	QKYDSA	0.0
1976	HKYDNA	0.0
1976	HKFDNV	0.0
1976	KKYDSV	0.0
1976	KNSDFA	0.0
1976	KEYDSV	0.0
1976	HKYDFA	0.0
1976	KGSENV	0.0
1976	HNSDSA	0.0
1976	HKFDNA	0.0
1976	HNYDFA	0.0
1976	HNSDFA	0.0
1976	HKFDSA	0.0
1976	KGSESV	0.0
1976	HNYDFV	0.0
1976	HKSDFA	0.0
1977	HKFDFA	0.0
1977	HNYDSA	0.0
1977	KEYESV	0.0
1977	QNYDSA	0.0
1977	QNFDFA	0.0
1977	KEYENV	0.0
1977	QNYDFA	0.0
1977	HNFDFA	0.0
1977	KESESV	0.0
1977	KESENV	0.5
1977	HNFDSA	0.0
1977	KEFDSV	0.0
1977	EESENV	0.0
1977	EEYENV	0.0
1977	QKFDSA	0.0
1977	HKYESA	0.0
1977	EEYESV	0.0
1977	HKYDSA	0.0
1977	QNSDFA	0.0
1977	HNYDNV	0.0
1977	KEYDSA	0.0
1977	QKFDFA	0.0
1977	QKYDSA	0.0
1977	HKYDNA	0.0
1977	HKFDNV	0.0
1977	KKYDSV	0.0
1977	KNSDFA	0.0
1977	KEYDSV	0.0
1977	HKYDFA	0.0
1977	KGSENV	0.0
1977	HNSDSA	0.0
1977	HKFDNA	0.0
1977	HNYDFA	0.0
1977	HNSDFA	0.0
1977	HKFDSA	0.0
1977	KGSESV	0.0714285714286
1977	HNYDFV	0.0
1977	HKSDFA	0.0
1978	HKFDFA	0.0
1978	HNYDSA	0.0
1978	KEYESV	0.0
1978	QNYDSA	0.0
1978	QNFDFA	0.0
1978	KEYENV	0.0
1978	QNYDFA	0.0
1978	HNFDFA	0.0
1978	KESESV	0.0
1978	KESENV	0.833333333333
1978	HNFDSA	0.0
1978	KEFDSV	0.0
1978	EESENV	0.166666666667
1978	EEYENV	0.0
1978	QKFDSA	0.0
1978	HKYESA	0.0
1978	EEYESV	0.0
1978	HKYDSA	0.0
1978	QNSDFA	0.0
1978	HNYDNV	0.0
1978	KEYDSA	0.0
1978	QKFDFA	0.0
1978	QKYDSA	0.0
1978	HKYDNA	0.0
1978	HKFDNV	0.0
1978	KKYDSV	0.0
1978	KNSDFA	0.0
1978	KEYDSV	0.0
1978	HKYDFA	0.0
1978	KGSENV	0.0
1978	HNSDSA	0.0
1978	HKFDNA	0.0
1978	HNYDFA	0.0
1978	HNSDFA	0.0
1978	HKFDSA	0.0
1978	KGSESV	0.0
1978	HNYDFV	0.0
1978	HKSDFA	0.0
1979	HKFDFA	0.0
1979	HNYDSA	0.0
1979	KEYESV	0.0
1979	QNYDSA	0.0
1979	QNFDFA	0.0
1979	KEYENV	0.0
1979	QNYDFA	0.0
1979	HNFDFA	0.0
1979	KESESV	0.0
1979	KESENV	0.0
1979	HNFDSA	0.0
1979	KEFDSV	0.0
1979	EESENV	0.666666666667
1979	EEYENV	0.0
1979	QKFDSA	0.0
1979	HKYESA	0.0
1979	EEYESV	0.0
1979	HKYDSA	0.0
1979	QNSDFA	0.0
1979	HNYDNV	0.0
1979	KEYDSA	0.0
1979	QKFDFA	0.0
1979	QKYDSA	0.0
1979	HKYDNA	0.0
1979	HKFDNV	0.0
1979	KKYDSV	0.0
1979	KNSDFA	0.0
1979	KEYDSV	0.0
1979	HKYDFA	0.0
1979	KGSENV	0.0
1979	HNSDSA	0.0
1979	HKFDNA	0.0
1979	HNYDFA	0.0
1979	HNSDFA	0.0
1979	HKFDSA	0.0
1979	KGSESV	0.0
1979	HNYDFV	0.0
1979	HKSDFA	0.0
1980	HKFDFA	0.0
1980	HNYDSA	0.0
1980	KEYESV	0.0
1980	QNYDSA	0.0
1980	QNFDFA	0.0
1980	KEYENV	0.0
1980	QNYDFA	0.0
1980	HNFDFA	0.0
1980	KESESV	0.0
1980	KESENV	0.111111111111
1980	HNFDSA	0.0
1980	KEFDSV	0.0
1980	EESENV	0.777777777778
1980	EEYENV	0.0
1980	QKFDSA	0.0
1980	HKYESA	0.0
1980	EEYESV	0.0
1980	HKYDSA	0.0
1980	QNSDFA	0.0
1980	HNYDNV	0.0
1980	KEYDSA	0.0
1980	QKFDFA	0.0
1980	QKYDSA	0.0
1980	HKYDNA	0.0
1980	HKFDNV	0.0
1980	KKYDSV	0.0
1980	KNSDFA	0.0
1980	KEYDSV	0.0
1980	HKYDFA	0.0
1980	KGSENV	0.0
1980	HNSDSA	0.0
1980	HKFDNA	0.0
1980	HNYDFA	0.0
1980	HNSDFA	0.0
1980	HKFDSA	0.0
1980	KGSESV	0.0
1980	HNYDFV	0.0
1980	HKSDFA	0.0
1981	HKFDFA	0.0
1981	HNYDSA	0.0
1981	KEYESV	0.0
1981	QNYDSA	0.0
1981	QNFDFA	0.0
1981	KEYENV	0.0
1981	QNYDFA	0.0
1981	HNFDFA	0.0
1981	KESESV	0.0
1981	KESENV	0.0
1981	HNFDSA	0.0
1981	KEFDSV	0.0
1981	EESENV	1.0
1981	EEYENV	0.0
1981	QKFDSA	0.0
1981	HKYESA	0.0
1981	EEYESV	0.0
1981	HKYDSA	0.0
1981	QNSDFA	0.0
1981	HNYDNV	0.0
1981	KEYDSA	0.0
1981	QKFDFA	0.0
1981	QKYDSA	0.0
1981	HKYDNA	0.0
1981	HKFDNV	0.0
1981	KKYDSV	0.0
1981	KNSDFA	0.0
1981	KEYDSV	0.0
1981	HKYDFA	0.0
1981	KGSENV	0.0
1981	HNSDSA	0.0
1981	HKFDNA	0.0
1981	HNYDFA	0.0
1981	HNSDFA	0.0
1981	HKFDSA	0.0
1981	KGSESV	0.0
1981	HNYDFV	0.0
1981	HKSDFA	0.0
1982	HKFDFA	0.0
1982	HNYDSA	0.0
1982	KEYESV	0.0
1982	QNYDSA	0.0
1982	QNFDFA	0.0
1982	KEYENV	0.0
1982	QNYDFA	0.0
1982	HNFDFA	0.0
1982	KESESV	0.0
1982	KESENV	0.166666666667
1982	HNFDSA	0.0
1982	KEFDSV	0.0
1982	EESENV	0.333333333333
1982	EEYENV	0.0
1982	QKFDSA	0.0
1982	HKYESA	0.0
1982	EEYESV	0.0
1982	HKYDSA	0.0
1982	QNSDFA	0.0
1982	HNYDNV	0.0
1982	KEYDSA	0.0
1982	QKFDFA	0.0
1982	QKYDSA	0.0
1982	HKYDNA	0.0
1982	HKFDNV	0.0
1982	KKYDSV	0.0
1982	KNSDFA	0.0
1982	KEYDSV	0.0
1982	HKYDFA	0.0
1982	KGSENV	0.0
1982	HNSDSA	0.0
1982	HKFDNA	0.0
1982	HNYDFA	0.0
1982	HNSDFA	0.0
1982	HKFDSA	0.0
1982	KGSESV	0.0
1982	HNYDFV	0.0
1982	HKSDFA	0.0
1983	HKFDFA	0.0
1983	HNYDSA	0.0
1983	KEYESV	0.0
1983	QNYDSA	0.0
1983	QNFDFA	0.0
1983	KEYENV	0.0
1983	QNYDFA	0.0
1983	HNFDFA	0.0
1983	KESESV	0.0
1983	KESENV	0.166666666667
1983	HNFDSA	0.0
1983	KEFDSV	0.0
1983	EESENV	0.833333333333
1983	EEYENV	0.0
1983	QKFDSA	0.0
1983	HKYESA	0.0
1983	EEYESV	0.0
1983	HKYDSA	0.0
1983	QNSDFA	0.0
1983	HNYDNV	0.0
1983	KEYDSA	0.0
1983	QKFDFA	0.0
1983	QKYDSA	0.0
1983	HKYDNA	0.0
1983	HKFDNV	0.0
1983	KKYDSV	0.0
1983	KNSDFA	0.0
1983	KEYDSV	0.0
1983	HKYDFA	0.0
1983	KGSENV	0.0
1983	HNSDSA	0.0
1983	HKFDNA	0.0
1983	HNYDFA	0.0
1983	HNSDFA	0.0
1983	HKFDSA	0.0
1983	KGSESV	0.0
1983	HNYDFV	0.0
1983	HKSDFA	0.0
1984	HKFDFA	0.0
1984	HNYDSA	0.0
1984	KEYESV	0.0
1984	QNYDSA	0.0
1984	QNFDFA	0.0
1984	KEYENV	0.0
1984	QNYDFA	0.0
1984	HNFDFA	0.0
1984	KESESV	0.0
1984	KESENV	0.0
1984	HNFDSA	0.0
1984	KEFDSV	0.0
1984	EESENV	1.0
1984	EEYENV	0.0
1984	QKFDSA	0.0
1984	HKYESA	0.0
1984	EEYESV	0.0
1984	HKYDSA	0.0
1984	QNSDFA	0.0
1984	HNYDNV	0.0
1984	KEYDSA	0.0
1984	QKFDFA	0.0
1984	QKYDSA	0.0
1984	HKYDNA	0.0
1984	HKFDNV	0.0
1984	KKYDSV	0.0
1984	KNSDFA	0.0
1984	KEYDSV	0.0
1984	HKYDFA	0.0
1984	KGSENV	0.0
1984	HNSDSA	0.0
1984	HKFDNA	0.0
1984	HNYDFA	0.0
1984	HNSDFA	0.0
1984	HKFDSA	0.0
1984	KGSESV	0.0
1984	HNYDFV	0.0
1984	HKSDFA	0.0
1985	HKFDFA	0.0
1985	HNYDSA	0.0
1985	KEYESV	0.0
1985	QNYDSA	0.0
1985	QNFDFA	0.0
1985	KEYENV	0.0769230769231
1985	QNYDFA	0.0
1985	HNFDFA	0.0
1985	KESESV	0.0
1985	KESENV	0.307692307692
1985	HNFDSA	0.0
1985	KEFDSV	0.0
1985	EESENV	0.384615384615
1985	EEYENV	0.230769230769
1985	QKFDSA	0.0
1985	HKYESA	0.0
1985	EEYESV	0.0
1985	HKYDSA	0.0
1985	QNSDFA	0.0
1985	HNYDNV	0.0
1985	KEYDSA	0.0
1985	QKFDFA	0.0
1985	QKYDSA	0.0
1985	HKYDNA	0.0
1985	HKFDNV	0.0
1985	KKYDSV	0.0
1985	KNSDFA	0.0
1985	KEYDSV	0.0
1985	HKYDFA	0.0
1985	KGSENV	0.0
1985	HNSDSA	0.0
1985	HKFDNA	0.0
1985	HNYDFA	0.0
1985	HNSDFA	0.0
1985	HKFDSA	0.0
1985	KGSESV	0.0
1985	HNYDFV	0.0
1985	HKSDFA	0.0
1986	HKFDFA	0.0
1986	HNYDSA	0.0
1986	KEYESV	0.0
1986	QNYDSA	0.0
1986	QNFDFA	0.0
1986	KEYENV	0.0
1986	QNYDFA	0.0
1986	HNFDFA	0.0
1986	KESESV	0.0
1986	KESENV	0.0
1986	HNFDSA	0.0
1986	KEFDSV	0.0
1986	EESENV	0.444444444444
1986	EEYENV	0.555555555556
1986	QKFDSA	0.0
1986	HKYESA	0.0
1986	EEYESV	0.0
1986	HKYDSA	0.0
1986	QNSDFA	0.0
1986	HNYDNV	0.0
1986	KEYDSA	0.0
1986	QKFDFA	0.0
1986	QKYDSA	0.0
1986	HKYDNA	0.0
1986	HKFDNV	0.0
1986	KKYDSV	0.0
1986	KNSDFA	0.0
1986	KEYDSV	0.0
1986	HKYDFA	0.0
1986	KGSENV	0.0
1986	HNSDSA	0.0
1986	HKFDNA	0.0
1986	HNYDFA	0.0
1986	HNSDFA	0.0
1986	HKFDSA	0.0
1986	KGSESV	0.0
1986	HNYDFV	0.0
1986	HKSDFA	0.0
1987	HKFDFA	0.0
1987	HNYDSA	0.0
1987	KEYESV	0.0
1987	QNYDSA	0.0
1987	QNFDFA	0.0
1987	KEYENV	0.4
1987	QNYDFA	0.0
1987	HNFDFA	0.0
1987	KESESV	0.0
1987	KESENV	0.0
1987	HNFDSA	0.0
1987	KEFDSV	0.0
1987	EESENV	0.0
1987	EEYENV	0.4
1987	QKFDSA	0.0
1987	HKYESA	0.0
1987	EEYESV	0.0
1987	HKYDSA	0.0
1987	QNSDFA	0.0
1987	HNYDNV	0.0
1987	KEYDSA	0.0
1987	QKFDFA	0.0
1987	QKYDSA	0.0
1987	HKYDNA	0.0
1987	HKFDNV	0.0
1987	KKYDSV	0.0
1987	KNSDFA	0.0
1987	KEYDSV	0.0
1987	HKYDFA	0.0
1987	KGSENV	0.0
1987	HNSDSA	0.0
1987	HKFDNA	0.0
1987	HNYDFA	0.0
1987	HNSDFA	0.0
1987	HKFDSA	0.0
1987	KGSESV	0.0
1987	HNYDFV	0.0
1987	HKSDFA	0.0
1988	HKFDFA	0.0
1988	HNYDSA	0.0
1988	KEYESV	0.0
1988	QNYDSA	0.0
1988	QNFDFA	0.0
1988	KEYENV	0.285714285714
1988	QNYDFA	0.0
1988	HNFDFA	0.0
1988	KESESV	0.0
1988	KESENV	0.0
1988	HNFDSA	0.0
1988	KEFDSV	0.0
1988	EESENV	0.0
1988	EEYENV	0.571428571429
1988	QKFDSA	0.0
1988	HKYESA	0.0
1988	EEYESV	0.0
1988	HKYDSA	0.0
1988	QNSDFA	0.0
1988	HNYDNV	0.0
1988	KEYDSA	0.0
1988	QKFDFA	0.0
1988	QKYDSA	0.0
1988	HKYDNA	0.0
1988	HKFDNV	0.0
1988	KKYDSV	0.0
1988	KNSDFA	0.0
1988	KEYDSV	0.0
1988	HKYDFA	0.0
1988	KGSENV	0.0
1988	HNSDSA	0.0
1988	HKFDNA	0.0
1988	HNYDFA	0.0
1988	HNSDFA	0.0
1988	HKFDSA	0.0
1988	KGSESV	0.0
1988	HNYDFV	0.0
1988	HKSDFA	0.0
1989	HKFDFA	0.0
1989	HNYDSA	0.0
1989	KEYESV	0.0
1989	QNYDSA	0.0
1989	QNFDFA	0.0
1989	KEYENV	0.227272727273
1989	QNYDFA	0.0
1989	HNFDFA	0.0
1989	KESESV	0.0
1989	KESENV	0.0
1989	HNFDSA	0.0
1989	KEFDSV	0.0
1989	EESENV	0.0
1989	EEYENV	0.636363636364
1989	QKFDSA	0.0
1989	HKYESA	0.0
1989	EEYESV	0.0
1989	HKYDSA	0.0
1989	QNSDFA	0.0
1989	HNYDNV	0.0
1989	KEYDSA	0.0
1989	QKFDFA	0.0
1989	QKYDSA	0.0
1989	HKYDNA	0.0
1989	HKFDNV	0.0
1989	KKYDSV	0.0
1989	KNSDFA	0.0
1989	KEYDSV	0.0
1989	HKYDFA	0.0
1989	KGSENV	0.0
1989	HNSDSA	0.0
1989	HKFDNA	0.0
1989	HNYDFA	0.0
1989	HNSDFA	0.0
1989	HKFDSA	0.0
1989	KGSESV	0.0
1989	HNYDFV	0.0
1989	HKSDFA	0.0
1990	HKFDFA	0.0
1990	HNYDSA	0.0
1990	KEYESV	0.0
1990	QNYDSA	0.0
1990	QNFDFA	0.0
1990	KEYENV	0.0
1990	QNYDFA	0.0
1990	HNFDFA	0.0
1990	KESESV	0.0
1990	KESENV	0.0
1990	HNFDSA	0.0
1990	KEFDSV	0.0
1990	EESENV	0.0
1990	EEYENV	0.545454545455
1990	QKFDSA	0.0
1990	HKYESA	0.0
1990	EEYESV	0.181818181818
1990	HKYDSA	0.0
1990	QNSDFA	0.0
1990	HNYDNV	0.0
1990	KEYDSA	0.0
1990	QKFDFA	0.0
1990	QKYDSA	0.0
1990	HKYDNA	0.0
1990	HKFDNV	0.0
1990	KKYDSV	0.0
1990	KNSDFA	0.0
1990	KEYDSV	0.0909090909091
1990	HKYDFA	0.0
1990	KGSENV	0.0
1990	HNSDSA	0.0
1990	HKFDNA	0.0
1990	HNYDFA	0.0
1990	HNSDFA	0.0
1990	HKFDSA	0.0
1990	KGSESV	0.0
1990	HNYDFV	0.0
1990	HKSDFA	0.0
1991	HKFDFA	0.0
1991	HNYDSA	0.0
1991	KEYESV	0.0
1991	QNYDSA	0.0
1991	QNFDFA	0.0
1991	KEYENV	0.0
1991	QNYDFA	0.0
1991	HNFDFA	0.0
1991	KESESV	0.0
1991	KESENV	0.0
1991	HNFDSA	0.0
1991	KEFDSV	0.0
1991	EESENV	0.0
1991	EEYENV	0.027027027027
1991	QKFDSA	0.0
1991	HKYESA	0.0
1991	EEYESV	0.135135135135
1991	HKYDSA	0.0
1991	QNSDFA	0.0
1991	HNYDNV	0.0
1991	KEYDSA	0.0
1991	QKFDFA	0.0
1991	QKYDSA	0.0
1991	HKYDNA	0.0
1991	HKFDNV	0.0
1991	KKYDSV	0.0
1991	KNSDFA	0.0
1991	KEYDSV	0.027027027027
1991	HKYDFA	0.0
1991	KGSENV	0.0
1991	HNSDSA	0.0
1991	HKFDNA	0.0
1991	HNYDFA	0.0
1991	HNSDFA	0.0
1991	HKFDSA	0.0
1991	KGSESV	0.0
1991	HNYDFV	0.0
1991	HKSDFA	0.0
1992	HKFDFA	0.0
1992	HNYDSA	0.0
1992	KEYESV	0.0
1992	QNYDSA	0.0
1992	QNFDFA	0.0
1992	KEYENV	0.0
1992	QNYDFA	0.0
1992	HNFDFA	0.0
1992	KESESV	0.0
1992	KESENV	0.0
1992	HNFDSA	0.0
1992	KEFDSV	0.0
1992	EESENV	0.0
1992	EEYENV	0.0
1992	QKFDSA	0.0
1992	HKYESA	0.0
1992	EEYESV	0.0810810810811
1992	HKYDSA	0.0
1992	QNSDFA	0.0
1992	HNYDNV	0.0
1992	KEYDSA	0.0
1992	QKFDFA	0.0
1992	QKYDSA	0.0
1992	HKYDNA	0.0
1992	HKFDNV	0.0
1992	KKYDSV	0.0
1992	KNSDFA	0.0
1992	KEYDSV	0.189189189189
1992	HKYDFA	0.0
1992	KGSENV	0.0
1992	HNSDSA	0.0
1992	HKFDNA	0.0
1992	HNYDFA	0.0
1992	HNSDFA	0.0
1992	HKFDSA	0.0
1992	KGSESV	0.0
1992	HNYDFV	0.0
1992	HKSDFA	0.0
1993	HKFDFA	0.0
1993	HNYDSA	0.0
1993	KEYESV	0.0
1993	QNYDSA	0.0
1993	QNFDFA	0.0
1993	KEYENV	0.0
1993	QNYDFA	0.0
1993	HNFDFA	0.0
1993	KESESV	0.0
1993	KESENV	0.0
1993	HNFDSA	0.0
1993	KEFDSV	0.0
1993	EESENV	0.0
1993	EEYENV	0.0
1993	QKFDSA	0.0
1993	HKYESA	0.0
1993	EEYESV	0.0
1993	HKYDSA	0.0
1993	QNSDFA	0.0
1993	HNYDNV	0.0
1993	KEYDSA	0.0
1993	QKFDFA	0.0
1993	QKYDSA	0.0
1993	HKYDNA	0.0
1993	HKFDNV	0.0
1993	KKYDSV	0.0
1993	KNSDFA	0.0
1993	KEYDSV	0.915789473684
1993	HKYDFA	0.0
1993	KGSENV	0.0
1993	HNSDSA	0.0
1993	HKFDNA	0.0
1993	HNYDFA	0.0
1993	HNSDFA	0.0
1993	HKFDSA	0.0
1993	KGSESV	0.0
1993	HNYDFV	0.0
1993	HKSDFA	0.0
1994	HKFDFA	0.0
1994	HNYDSA	0.0
1994	KEYESV	0.0
1994	QNYDSA	0.0
1994	QNFDFA	0.0
1994	KEYENV	0.0
1994	QNYDFA	0.0
1994	HNFDFA	0.0
1994	KESESV	0.0
1994	KESENV	0.0
1994	HNFDSA	0.0
1994	KEFDSV	0.0
1994	EESENV	0.0
1994	EEYENV	0.0
1994	QKFDSA	0.0
1994	HKYESA	0.0
1994	EEYESV	0.0
1994	HKYDSA	0.0
1994	QNSDFA	0.0
1994	HNYDNV	0.0
1994	KEYDSA	0.0140845070423
1994	QKFDFA	0.0
1994	QKYDSA	0.0140845070423
1994	HKYDNA	0.0
1994	HKFDNV	0.0
1994	KKYDSV	0.0
1994	KNSDFA	0.0
1994	KEYDSV	0.957746478873
1994	HKYDFA	0.0
1994	KGSENV	0.0
1994	HNSDSA	0.0
1994	HKFDNA	0.0
1994	HNYDFA	0.0
1994	HNSDFA	0.0
1994	HKFDSA	0.0
1994	KGSESV	0.0
1994	HNYDFV	0.0
1994	HKSDFA	0.0
1995	HKFDFA	0.0
1995	HNYDSA	0.0
1995	KEYESV	0.0
1995	QNYDSA	0.0
1995	QNFDFA	0.0
1995	KEYENV	0.0
1995	QNYDFA	0.0
1995	HNFDFA	0.0
1995	KESESV	0.0
1995	KESENV	0.0
1995	HNFDSA	0.0
1995	KEFDSV	0.013698630137
1995	EESENV	0.0
1995	EEYENV	0.0
1995	QKFDSA	0.0
1995	HKYESA	0.0
1995	EEYESV	0.0
1995	HKYDSA	0.0
1995	QNSDFA	0.0
1995	HNYDNV	0.0
1995	KEYDSA	0.013698630137
1995	QKFDFA	0.0
1995	QKYDSA	0.0
1995	HKYDNA	0.0
1995	HKFDNV	0.0
1995	KKYDSV	0.013698630137
1995	KNSDFA	0.0
1995	KEYDSV	0.890410958904
1995	HKYDFA	0.0
1995	KGSENV	0.0
1995	HNSDSA	0.0
1995	HKFDNA	0.0
1995	HNYDFA	0.0
1995	HNSDFA	0.0
1995	HKFDSA	0.0
1995	KGSESV	0.0
1995	HNYDFV	0.0
1995	HKSDFA	0.0
1996	HKFDFA	0.0
1996	HNYDSA	0.0
1996	KEYESV	0.010989010989
1996	QNYDSA	0.0
1996	QNFDFA	0.0
1996	KEYENV	0.0
1996	QNYDFA	0.0
1996	HNFDFA	0.0
1996	KESESV	0.0
1996	KESENV	0.0
1996	HNFDSA	0.0
1996	KEFDSV	0.0
1996	EESENV	0.0
1996	EEYENV	0.0
1996	QKFDSA	0.0
1996	HKYESA	0.0
1996	EEYESV	0.0
1996	HKYDSA	0.0
1996	QNSDFA	0.0
1996	HNYDNV	0.0
1996	KEYDSA	0.0
1996	QKFDFA	0.0
1996	QKYDSA	0.0989010989011
1996	HKYDNA	0.0
1996	HKFDNV	0.0
1996	KKYDSV	0.0
1996	KNSDFA	0.0
1996	KEYDSV	0.857142857143
1996	HKYDFA	0.0
1996	KGSENV	0.0
1996	HNSDSA	0.0
1996	HKFDNA	0.0
1996	HNYDFA	0.0
1996	HNSDFA	0.0
1996	HKFDSA	0.0
1996	KGSESV	0.0
1996	HNYDFV	0.0
1996	HKSDFA	0.0
1997	HKFDFA	0.0
1997	HNYDSA	0.0
1997	KEYESV	0.0
1997	QNYDSA	0.0
1997	QNFDFA	0.0
1997	KEYENV	0.0
1997	QNYDFA	0.0
1997	HNFDFA	0.0
1997	KESESV	0.0
1997	KESENV	0.0
1997	HNFDSA	0.0
1997	KEFDSV	0.0
1997	EESENV	0.0
1997	EEYENV	0.0
1997	QKFDSA	0.0
1997	HKYESA	0.0
1997	EEYESV	0.0
1997	HKYDSA	0.0
1997	QNSDFA	0.0
1997	HNYDNV	0.0
1997	KEYDSA	0.030303030303
1997	QKFDFA	0.0
1997	QKYDSA	0.545454545455
1997	HKYDNA	0.0
1997	HKFDNV	0.0
1997	KKYDSV	0.0
1997	KNSDFA	0.0
1997	KEYDSV	0.424242424242
1997	HKYDFA	0.0
1997	KGSENV	0.0
1997	HNSDSA	0.0
1997	HKFDNA	0.0
1997	HNYDFA	0.0
1997	HNSDFA	0.0
1997	HKFDSA	0.0
1997	KGSESV	0.0
1997	HNYDFV	0.0
1997	HKSDFA	0.0
1998	HKFDFA	0.0
1998	HNYDSA	0.0
1998	KEYESV	0.0
1998	QNYDSA	0.0
1998	QNFDFA	0.0
1998	KEYENV	0.0
1998	QNYDFA	0.0
1998	HNFDFA	0.0
1998	KESESV	0.0
1998	KESENV	0.0
1998	HNFDSA	0.0
1998	KEFDSV	0.0
1998	EESENV	0.0
1998	EEYENV	0.0
1998	QKFDSA	0.0
1998	HKYESA	0.0
1998	EEYESV	0.0
1998	HKYDSA	0.0
1998	QNSDFA	0.0
1998	HNYDNV	0.0
1998	KEYDSA	0.0
1998	QKFDFA	0.0
1998	QKYDSA	0.924050632911
1998	HKYDNA	0.0
1998	HKFDNV	0.0
1998	KKYDSV	0.0
1998	KNSDFA	0.0
1998	KEYDSV	0.0759493670886
1998	HKYDFA	0.0
1998	KGSENV	0.0
1998	HNSDSA	0.0
1998	HKFDNA	0.0
1998	HNYDFA	0.0
1998	HNSDFA	0.0
1998	HKFDSA	0.0
1998	KGSESV	0.0
1998	HNYDFV	0.0
1998	HKSDFA	0.0
1999	HKFDFA	0.0
1999	HNYDSA	0.0
1999	KEYESV	0.0
1999	QNYDSA	0.00568181818182
1999	QNFDFA	0.0
1999	KEYENV	0.0
1999	QNYDFA	0.0
1999	HNFDFA	0.0
1999	KESESV	0.0
1999	KESENV	0.0
1999	HNFDSA	0.0
1999	KEFDSV	0.0
1999	EESENV	0.0
1999	EEYENV	0.0
1999	QKFDSA	0.0
1999	HKYESA	0.0
1999	EEYESV	0.0
1999	HKYDSA	0.0
1999	QNSDFA	0.0
1999	HNYDNV	0.0
1999	KEYDSA	0.0
1999	QKFDFA	0.0
1999	QKYDSA	0.971590909091
1999	HKYDNA	0.0
1999	HKFDNV	0.0
1999	KKYDSV	0.0
1999	KNSDFA	0.0
1999	KEYDSV	0.0
1999	HKYDFA	0.0
1999	KGSENV	0.0
1999	HNSDSA	0.0
1999	HKFDNA	0.0
1999	HNYDFA	0.0
1999	HNSDFA	0.0
1999	HKFDSA	0.0
1999	KGSESV	0.0
1999	HNYDFV	0.0
1999	HKSDFA	0.0
2000	HKFDFA	0.0
2000	HNYDSA	0.0
2000	KEYESV	0.0
2000	QNYDSA	0.010989010989
2000	QNFDFA	0.0
2000	KEYENV	0.0
2000	QNYDFA	0.0
2000	HNFDFA	0.0
2000	KESESV	0.0
2000	KESENV	0.0
2000	HNFDSA	0.0
2000	KEFDSV	0.0
2000	EESENV	0.0
2000	EEYENV	0.0
2000	QKFDSA	0.0
2000	HKYESA	0.0
2000	EEYESV	0.0
2000	HKYDSA	0.0
2000	QNSDFA	0.0
2000	HNYDNV	0.0
2000	KEYDSA	0.0
2000	QKFDFA	0.0
2000	QKYDSA	0.989010989011
2000	HKYDNA	0.0
2000	HKFDNV	0.0
2000	KKYDSV	0.0
2000	KNSDFA	0.0
2000	KEYDSV	0.0
2000	HKYDFA	0.0
2000	KGSENV	0.0
2000	HNSDSA	0.0
2000	HKFDNA	0.0
2000	HNYDFA	0.0
2000	HNSDFA	0.0
2000	HKFDSA	0.0
2000	KGSESV	0.0
2000	HNYDFV	0.0
2000	HKSDFA	0.0
2001	HKFDFA	0.0
2001	HNYDSA	0.0
2001	KEYESV	0.0
2001	QNYDSA	0.0116279069767
2001	QNFDFA	0.0
2001	KEYENV	0.0
2001	QNYDFA	0.0
2001	HNFDFA	0.0
2001	KESESV	0.0
2001	KESENV	0.0
2001	HNFDSA	0.0
2001	KEFDSV	0.0
2001	EESENV	0.0
2001	EEYENV	0.0
2001	QKFDSA	0.0
2001	HKYESA	0.0
2001	EEYESV	0.0
2001	HKYDSA	0.0
2001	QNSDFA	0.0
2001	HNYDNV	0.0
2001	KEYDSA	0.0
2001	QKFDFA	0.0
2001	QKYDSA	0.988372093023
2001	HKYDNA	0.0
2001	HKFDNV	0.0
2001	KKYDSV	0.0
2001	KNSDFA	0.0
2001	KEYDSV	0.0
2001	HKYDFA	0.0
2001	KGSENV	0.0
2001	HNSDSA	0.0
2001	HKFDNA	0.0
2001	HNYDFA	0.0
2001	HNSDFA	0.0
2001	HKFDSA	0.0
2001	KGSESV	0.0
2001	HNYDFV	0.0
2001	HKSDFA	0.0
2002	HKFDFA	0.0
2002	HNYDSA	0.0
2002	KEYESV	0.0
2002	QNYDSA	0.0
2002	QNFDFA	0.0
2002	KEYENV	0.0
2002	QNYDFA	0.0
2002	HNFDFA	0.0
2002	KESESV	0.0
2002	KESENV	0.0
2002	HNFDSA	0.0
2002	KEFDSV	0.0
2002	EESENV	0.0
2002	EEYENV	0.0
2002	QKFDSA	0.00416666666667
2002	HKYESA	0.0
2002	EEYESV	0.0
2002	HKYDSA	0.0166666666667
2002	QNSDFA	0.0
2002	HNYDNV	0.0
2002	KEYDSA	0.0
2002	QKFDFA	0.0
2002	QKYDSA	0.9625
2002	HKYDNA	0.0
2002	HKFDNV	0.0
2002	KKYDSV	0.0
2002	KNSDFA	0.0
2002	KEYDSV	0.0
2002	HKYDFA	0.0
2002	KGSENV	0.0
2002	HNSDSA	0.0
2002	HKFDNA	0.0
2002	HNYDFA	0.0
2002	HNSDFA	0.0
2002	HKFDSA	0.0
2002	KGSESV	0.0
2002	HNYDFV	0.0
2002	HKSDFA	0.0
2003	HKFDFA	0.00204498977505
2003	HNYDSA	0.0
2003	KEYESV	0.0
2003	QNYDSA	0.0
2003	QNFDFA	0.0
2003	KEYENV	0.0
2003	QNYDFA	0.0
2003	HNFDFA	0.0
2003	KESESV	0.0
2003	KESENV	0.0
2003	HNFDSA	0.0
2003	KEFDSV	0.0
2003	EESENV	0.0
2003	EEYENV	0.0
2003	QKFDSA	0.0
2003	HKYESA	0.00204498977505
2003	EEYESV	0.0
2003	HKYDSA	0.848670756646
2003	QNSDFA	0.0
2003	HNYDNV	0.0
2003	KEYDSA	0.0
2003	QKFDFA	0.0
2003	QKYDSA	0.0347648261759
2003	HKYDNA	0.0245398773006
2003	HKFDNV	0.0
2003	KKYDSV	0.0
2003	KNSDFA	0.0
2003	KEYDSV	0.0
2003	HKYDFA	0.0
2003	KGSENV	0.0
2003	HNSDSA	0.0
2003	HKFDNA	0.0
2003	HNYDFA	0.0
2003	HNSDFA	0.0
2003	HKFDSA	0.0736196319018
2003	KGSESV	0.0
2003	HNYDFV	0.0
2003	HKSDFA	0.0
2004	HKFDFA	0.0
2004	HNYDSA	0.0
2004	KEYESV	0.0
2004	QNYDSA	0.0
2004	QNFDFA	0.0
2004	KEYENV	0.0
2004	QNYDFA	0.0
2004	HNFDFA	0.0
2004	KESESV	0.0
2004	KESENV	0.0
2004	HNFDSA	0.0
2004	KEFDSV	0.0
2004	EESENV	0.0
2004	EEYENV	0.0
2004	QKFDSA	0.0
2004	HKYESA	0.0
2004	EEYESV	0.0
2004	HKYDSA	0.185983827493
2004	QNSDFA	0.0
2004	HNYDNV	0.0
2004	KEYDSA	0.0
2004	QKFDFA	0.0
2004	QKYDSA	0.00539083557951
2004	HKYDNA	0.0
2004	HKFDNV	0.00539083557951
2004	KKYDSV	0.0
2004	KNSDFA	0.0
2004	KEYDSV	0.0
2004	HKYDFA	0.0
2004	KGSENV	0.0
2004	HNSDSA	0.0
2004	HKFDNA	0.00539083557951
2004	HNYDFA	0.0
2004	HNSDFA	0.0
2004	HKFDSA	0.77358490566
2004	KGSESV	0.0
2004	HNYDFV	0.0
2004	HKSDFA	0.0
2005	HKFDFA	0.434447300771
2005	HNYDSA	0.0
2005	KEYESV	0.0
2005	QNYDSA	0.0
2005	QNFDFA	0.0
2005	KEYENV	0.0
2005	QNYDFA	0.0
2005	HNFDFA	0.0
2005	KESESV	0.0
2005	KESENV	0.0
2005	HNFDSA	0.0
2005	KEFDSV	0.0
2005	EESENV	0.0
2005	EEYENV	0.0
2005	QKFDSA	0.0
2005	HKYESA	0.0
2005	EEYESV	0.0
2005	HKYDSA	0.0
2005	QNSDFA	0.0
2005	HNYDNV	0.0
2005	KEYDSA	0.0
2005	QKFDFA	0.012853470437
2005	QKYDSA	0.0025706940874
2005	HKYDNA	0.0
2005	HKFDNV	0.0
2005	KKYDSV	0.0
2005	KNSDFA	0.0
2005	KEYDSV	0.0
2005	HKYDFA	0.0
2005	KGSENV	0.0
2005	HNSDSA	0.0
2005	HKFDNA	0.00771208226221
2005	HNYDFA	0.0
2005	HNSDFA	0.0
2005	HKFDSA	0.529562982005
2005	KGSESV	0.0
2005	HNYDFV	0.0
2005	HKSDFA	0.0
2006	HKFDFA	0.907608695652
2006	HNYDSA	0.0
2006	KEYESV	0.0
2006	QNYDSA	0.0
2006	QNFDFA	0.0
2006	KEYENV	0.0
2006	QNYDFA	0.0
2006	HNFDFA	0.0
2006	KESESV	0.0
2006	KESENV	0.0
2006	HNFDSA	0.0
2006	KEFDSV	0.0
2006	EESENV	0.0
2006	EEYENV	0.0
2006	QKFDSA	0.0
2006	HKYESA	0.0
2006	EEYESV	0.0
2006	HKYDSA	0.0
2006	QNSDFA	0.0
2006	HNYDNV	0.0
2006	KEYDSA	0.0
2006	QKFDFA	0.0108695652174
2006	QKYDSA	0.0
2006	HKYDNA	0.0
2006	HKFDNV	0.0
2006	KKYDSV	0.0
2006	KNSDFA	0.0
2006	KEYDSV	0.0
2006	HKYDFA	0.0
2006	KGSENV	0.0
2006	HNSDSA	0.0
2006	HKFDNA	0.0
2006	HNYDFA	0.0054347826087
2006	HNSDFA	0.0
2006	HKFDSA	0.0597826086957
2006	KGSESV	0.0
2006	HNYDFV	0.0
2006	HKSDFA	0.0
2007	HKFDFA	0.961474036851
2007	HNYDSA	0.0
2007	KEYESV	0.0
2007	QNYDSA	0.0
2007	QNFDFA	0.0
2007	KEYENV	0.0
2007	QNYDFA	0.0
2007	HNFDFA	0.0
2007	KESESV	0.0
2007	KESENV	0.0
2007	HNFDSA	0.0
2007	KEFDSV	0.0
2007	EESENV	0.0
2007	EEYENV	0.0
2007	QKFDSA	0.0
2007	HKYESA	0.0
2007	EEYESV	0.0
2007	HKYDSA	0.0
2007	QNSDFA	0.0
2007	HNYDNV	0.0
2007	KEYDSA	0.0
2007	QKFDFA	0.0
2007	QKYDSA	0.0
2007	HKYDNA	0.0
2007	HKFDNV	0.0
2007	KKYDSV	0.0
2007	KNSDFA	0.0
2007	KEYDSV	0.0
2007	HKYDFA	0.0
2007	KGSENV	0.0
2007	HNSDSA	0.0
2007	HKFDNA	0.0
2007	HNYDFA	0.0
2007	HNSDFA	0.0
2007	HKFDSA	0.00670016750419
2007	KGSESV	0.0
2007	HNYDFV	0.0
2007	HKSDFA	0.00167504187605
2008	HKFDFA	0.826530612245
2008	HNYDSA	0.0
2008	KEYESV	0.0
2008	QNYDSA	0.0
2008	QNFDFA	0.0
2008	KEYENV	0.0
2008	QNYDFA	0.0
2008	HNFDFA	0.0
2008	KESESV	0.0
2008	KESENV	0.0
2008	HNFDSA	0.0
2008	KEFDSV	0.0
2008	EESENV	0.0
2008	EEYENV	0.0
2008	QKFDSA	0.0
2008	HKYESA	0.0
2008	EEYESV	0.0
2008	HKYDSA	0.0
2008	QNSDFA	0.0
2008	HNYDNV	0.0
2008	KEYDSA	0.0
2008	QKFDFA	0.00680272108844
2008	QKYDSA	0.0
2008	HKYDNA	0.0
2008	HKFDNV	0.0
2008	KKYDSV	0.0
2008	KNSDFA	0.0
2008	KEYDSV	0.0
2008	HKYDFA	0.0
2008	KGSENV	0.0
2008	HNSDSA	0.0
2008	HKFDNA	0.0
2008	HNYDFA	0.0
2008	HNSDFA	0.0
2008	HKFDSA	0.0
2008	KGSESV	0.093537414966
2008	HNYDFV	0.0
2008	HKSDFA	0.0
2009	HKFDFA	0.296570898981
2009	HNYDSA	0.0
2009	KEYESV	0.0
2009	QNYDSA	0.0
2009	QNFDFA	0.000926784059314
2009	KEYENV	0.0
2009	QNYDFA	0.0
2009	HNFDFA	0.649675625579
2009	KESESV	0.0
2009	KESENV	0.0
2009	HNFDSA	0.00185356811863
2009	KEFDSV	0.0
2009	EESENV	0.0
2009	EEYENV	0.0
2009	QKFDSA	0.0
2009	HKYESA	0.0
2009	EEYESV	0.0
2009	HKYDSA	0.0
2009	QNSDFA	0.0
2009	HNYDNV	0.0
2009	KEYDSA	0.0
2009	QKFDFA	0.0
2009	QKYDSA	0.0
2009	HKYDNA	0.0
2009	HKFDNV	0.0
2009	KKYDSV	0.0
2009	KNSDFA	0.0
2009	KEYDSV	0.0
2009	HKYDFA	0.0
2009	KGSENV	0.0
2009	HNSDSA	0.0
2009	HKFDNA	0.0
2009	HNYDFA	0.0
2009	HNSDFA	0.0
2009	HKFDSA	0.00278035217794
2009	KGSESV	0.0
2009	HNYDFV	0.0
2009	HKSDFA	0.00741427247451
2010	HKFDFA	0.00254452926209
2010	HNYDSA	0.000848176420696
2010	KEYESV	0.0
2010	QNYDSA	0.0
2010	QNFDFA	0.00424088210348
2010	KEYENV	0.0
2010	QNYDFA	0.0
2010	HNFDFA	0.973706530958
2010	KESESV	0.0
2010	KESENV	0.0
2010	HNFDSA	0.000848176420696
2010	KEFDSV	0.0
2010	EESENV	0.0
2010	EEYENV	0.0
2010	QKFDSA	0.0
2010	HKYESA	0.0
2010	EEYESV	0.0
2010	HKYDSA	0.0
2010	QNSDFA	0.0
2010	HNYDNV	0.0
2010	KEYDSA	0.0
2010	QKFDFA	0.0
2010	QKYDSA	0.0
2010	HKYDNA	0.0
2010	HKFDNV	0.0
2010	KKYDSV	0.0
2010	KNSDFA	0.0
2010	KEYDSV	0.0
2010	HKYDFA	0.000848176420696
2010	KGSENV	0.0
2010	HNSDSA	0.0
2010	HKFDNA	0.0
2010	HNYDFA	0.000848176420696
2010	HNSDFA	0.0
2010	HKFDSA	0.0
2010	KGSESV	0.0
2010	HNYDFV	0.0
2010	HKSDFA	0.0
2011	HKFDFA	0.00110987791343
2011	HNYDSA	0.0
2011	KEYESV	0.0
2011	QNYDSA	0.0
2011	QNFDFA	0.00277469478357
2011	KEYENV	0.0
2011	QNYDFA	0.0
2011	HNFDFA	0.972807991121
2011	KESESV	0.0
2011	KESENV	0.0
2011	HNFDSA	0.00332963374029
2011	KEFDSV	0.0
2011	EESENV	0.0
2011	EEYENV	0.0
2011	QKFDSA	0.0
2011	HKYESA	0.0
2011	EEYESV	0.0
2011	HKYDSA	0.0
2011	QNSDFA	0.0
2011	HNYDNV	0.0
2011	KEYDSA	0.0
2011	QKFDFA	0.0
2011	QKYDSA	0.0
2011	HKYDNA	0.0
2011	HKFDNV	0.0
2011	KKYDSV	0.0
2011	KNSDFA	0.0
2011	KEYDSV	0.0
2011	HKYDFA	0.0
2011	KGSENV	0.0
2011	HNSDSA	0.0
2011	HKFDNA	0.0
2011	HNYDFA	0.000554938956715
2011	HNSDFA	0.0
2011	HKFDSA	0.0
2011	KGSESV	0.0
2011	HNYDFV	0.0
2011	HKSDFA	0.0
2012	HKFDFA	0.00109649122807
2012	HNYDSA	0.0
2012	KEYESV	0.0
2012	QNYDSA	0.0
2012	QNFDFA	0.00292397660819
2012	KEYENV	0.0
2012	QNYDFA	0.0
2012	HNFDFA	0.939692982456
2012	KESESV	0.0
2012	KESENV	0.0
2012	HNFDSA	0.00109649122807
2012	KEFDSV	0.0
2012	EESENV	0.0
2012	EEYENV	0.0
2012	QKFDSA	0.0
2012	HKYESA	0.0
2012	EEYESV	0.0
2012	HKYDSA	0.0
2012	QNSDFA	0.0
2012	HNYDNV	0.00292397660819
2012	KEYDSA	0.0
2012	QKFDFA	0.0
2012	QKYDSA	0.0
2012	HKYDNA	0.0
2012	HKFDNV	0.0
2012	KKYDSV	0.0
2012	KNSDFA	0.0
2012	KEYDSV	0.0
2012	HKYDFA	0.0
2012	KGSENV	0.0
2012	HNSDSA	0.0
2012	HKFDNA	0.0
2012	HNYDFA	0.000365497076023
2012	HNSDFA	0.0
2012	HKFDSA	0.0
2012	KGSESV	0.0
2012	HNYDFV	0.0
2012	HKSDFA	0.0
2013	HKFDFA	0.00262697022767
2013	HNYDSA	0.0
2013	KEYESV	0.0
2013	QNYDSA	0.0
2013	QNFDFA	0.00131348511384
2013	KEYENV	0.0
2013	QNYDFA	0.0
2013	HNFDFA	0.960595446585
2013	KESESV	0.0
2013	KESENV	0.0
2013	HNFDSA	0.00218914185639
2013	KEFDSV	0.0
2013	EESENV	0.0
2013	EEYENV	0.0
2013	QKFDSA	0.0
2013	HKYESA	0.0
2013	EEYESV	0.0
2013	HKYDSA	0.0
2013	QNSDFA	0.0
2013	HNYDNV	0.0
2013	KEYDSA	0.0
2013	QKFDFA	0.0
2013	QKYDSA	0.00262697022767
2013	HKYDNA	0.0
2013	HKFDNV	0.0
2013	KKYDSV	0.0
2013	KNSDFA	0.0
2013	KEYDSV	0.0
2013	HKYDFA	0.0
2013	KGSENV	0.0
2013	HNSDSA	0.0
2013	HKFDNA	0.0
2013	HNYDFA	0.00262697022767
2013	HNSDFA	0.00963222416813
2013	HKFDSA	0.0
2013	KGSESV	0.0
2013	HNYDFV	0.0
2013	HKSDFA	0.0
2014	HKFDFA	0.00214592274678
2014	HNYDSA	0.00119217930377
2014	KEYESV	0.0
2014	QNYDSA	0.0
2014	QNFDFA	0.000238435860753
2014	KEYENV	0.0
2014	QNYDFA	0.000238435860753
2014	HNFDFA	0.369814020029
2014	KESESV	0.0
2014	KESENV	0.0
2014	HNFDSA	0.00071530758226
2014	KEFDSV	0.0
2014	EESENV	0.0
2014	EEYENV	0.0
2014	QKFDSA	0.0
2014	HKYESA	0.0
2014	EEYESV	0.0
2014	HKYDSA	0.0
2014	QNSDFA	0.00214592274678
2014	HNYDNV	0.0
2014	KEYDSA	0.0
2014	QKFDFA	0.0
2014	QKYDSA	0.000953743443014
2014	HKYDNA	0.0
2014	HKFDNV	0.0
2014	KKYDSV	0.0
2014	KNSDFA	0.0
2014	KEYDSV	0.0
2014	HKYDFA	0.00381497377206
2014	KGSENV	0.000238435860753
2014	HNSDSA	0.00238435860753
2014	HKFDNA	0.0
2014	HNYDFA	0.417501192179
2014	HNSDFA	0.172150691464
2014	HKFDSA	0.00214592274678
2014	KGSESV	0.0
2014	HNYDFV	0.0
2014	HKSDFA	0.0
2015	HKFDFA	0.0001903674091
2015	HNYDSA	0.000571102227299
2015	KEYESV	0.0
2015	QNYDSA	0.0
2015	QNFDFA	0.000571102227299
2015	KEYENV	0.0
2015	QNYDFA	0.000380734818199
2015	HNFDFA	0.0923281934133
2015	KESESV	0.0
2015	KESENV	0.0
2015	HNFDSA	0.0001903674091
2015	KEFDSV	0.0
2015	EESENV	0.0
2015	EEYENV	0.0
2015	QKFDSA	0.0
2015	HKYESA	0.0
2015	EEYESV	0.0
2015	HKYDSA	0.0001903674091
2015	QNSDFA	0.0
2015	HNYDNV	0.0
2015	KEYDSA	0.0
2015	QKFDFA	0.0
2015	QKYDSA	0.0
2015	HKYDNA	0.0
2015	HKFDNV	0.0
2015	KKYDSV	0.0
2015	KNSDFA	0.0001903674091
2015	KEYDSV	0.0
2015	HKYDFA	0.00437845040929
2015	KGSENV	0.0
2015	HNSDSA	0.000380734818199
2015	HKFDNA	0.0
2015	HNYDFA	0.7970683419
2015	HNSDFA	0.0736721873215
2015	HKFDSA	0.00590138968209
2015	KGSESV	0.0
2015	HNYDFV	0.0001903674091
2015	HKSDFA	0.0
2016	HKFDFA	0.0
2016	HNYDSA	0.00677073537709
2016	KEYESV	0.0
2016	QNYDSA	0.0
2016	QNFDFA	0.0
2016	KEYENV	0.0
2016	QNYDFA	0.0
2016	HNFDFA	0.00263306375776
2016	KESESV	0.0
2016	KESENV	0.0
2016	HNFDSA	0.00225691179236
2016	KEFDSV	0.0
2016	EESENV	0.0
2016	EEYENV	0.0
2016	QKFDSA	0.0
2016	HKYESA	0.0
2016	EEYESV	0.0
2016	HKYDSA	0.000188075982697
2016	QNSDFA	0.000376151965394
2016	HNYDNV	0.0
2016	KEYDSA	0.0
2016	QKFDFA	0.0
2016	QKYDSA	0.0
2016	HKYDNA	0.0
2016	HKFDNV	0.0
2016	KKYDSV	0.0
2016	KNSDFA	0.0
2016	KEYDSV	0.0
2016	HKYDFA	0.00206883580967
2016	KGSENV	0.0
2016	HNSDSA	0.0199360541659
2016	HKFDNA	0.0
2016	HNYDFA	0.80195599022
2016	HNSDFA	0.148015798383
2016	HKFDSA	0.0
2016	KGSESV	0.0
2016	HNYDFV	0.0
2016	HKSDFA	0.0
2017	HKFDFA	0.0
2017	HNYDSA	0.025122181257
2017	KEYESV	0.0
2017	QNYDSA	0.0
2017	QNFDFA	0.0
2017	KEYENV	0.0
2017	QNYDFA	0.000514447397754
2017	HNFDFA	0.00248649575581
2017	KESESV	0.0
2017	KESENV	0.0
2017	HNFDSA	0.00445854411386
2017	KEFDSV	0.0
2017	EESENV	0.0
2017	EEYENV	0.0
2017	QKFDSA	0.0
2017	HKYESA	0.0
2017	EEYESV	0.0
2017	HKYDSA	0.0
2017	QNSDFA	0.0
2017	HNYDNV	0.0
2017	KEYDSA	0.0
2017	QKFDFA	0.0
2017	QKYDSA	0.0
2017	HKYDNA	0.0
2017	HKFDNV	0.0
2017	KKYDSV	0.0
2017	KNSDFA	0.0
2017	KEYDSV	0.0
2017	HKYDFA	0.00300094315356
2017	KGSENV	0.0
2017	HNSDSA	0.0252936637229
2017	HKFDNA	0.0
2017	HNYDFA	0.918460087456
2017	HNSDFA	0.00497299151162
2017	HKFDSA	0.0
2017	KGSESV	0.0
2017	HNYDFV	0.0
2017	HKSDFA	0.0
2018	HKFDFA	0.0
2018	HNYDSA	0.0169613857813
2018	KEYESV	0.0
2018	QNYDSA	0.0
2018	QNFDFA	0.0
2018	KEYENV	0.0
2018	QNYDFA	0.000541320822808
2018	HNFDFA	0.000180440274269
2018	KESESV	0.0
2018	KESENV	0.0
2018	HNFDSA	0.0
2018	KEFDSV	0.0
2018	EESENV	0.0
2018	EEYENV	0.0
2018	QKFDSA	0.0
2018	HKYESA	0.0
2018	EEYESV	0.0
2018	HKYDSA	0.0
2018	QNSDFA	0.0
2018	HNYDNV	0.0
2018	KEYDSA	0.0
2018	QKFDFA	0.0
2018	QKYDSA	0.0
2018	HKYDNA	0.0
2018	HKFDNV	0.0
2018	KKYDSV	0.0
2018	KNSDFA	0.0
2018	KEYDSV	0.0
2018	HKYDFA	0.00198484301696
2018	KGSENV	0.0
2018	HNSDSA	0.0804763623241
2018	HKFDNA	0.0
2018	HNYDFA	0.880728978708
2018	HNSDFA	0.000902201371346
2018	HKFDSA	0.0
2018	KGSESV	0.0
2018	HNYDFV	0.0
2018	HKSDFA	0.0
